{
  "majorVersion": 3,
  "minorVersion": 2,
  "patchVersion": 1,
  "isDefaultConfig": false,
  "displayMode": "format",
  "doIntermediateUpdates": true,
  "timeDependencyDecimalPrecision": 0,
  "timeDependencyDecimalOffset": 0,
  "judgments": [
	{
      "threshold": 111,
      "text": "",
      "color": [
        0.0,
        0.0,
        0.0,
        0.0
      ],
      "fade": false
    },
    {
      "threshold": 110,
      "text": "<size=150%>%c</size>%n%n%B %C %A",
      "color": [
        0.0,
        1.0,
        1.0,
        1.0
      ],
      "fade": false
    },
    {
      "threshold": 109,
      "text": "<size=150%>%c</size>%n%n%B %C %A",
      "color": [
        0.0,
        1.0,
        0.0,
        1.0
      ],
      "fade": false
    },
    {
      "threshold": 108,
      "text": "<size=150%>%c</size>%n%n%B %C %A",
      "color": [
        1.0,
        1.0,
        0.0,
        1.0
      ],
      "fade": false
    },
    {
      "threshold": 107,
      "text": "<size=130%>%c</size>%n%n%B %C %A",
      "color": [
        1.0,
        0.5,
        0.0,
        1.0
      ],
      "fade": false
    },
    {
      "threshold": 0,
      "text": "<size=180%>%c</size>%n%n%B %C %A",
      "color": [
        1.0,
        0.0,
        0.0,
        1.0
      ],
      "fade": false
    }
  ],
  "beforeCutAngleJudgments": [
    {
      "threshold": 68,
      "text": ""
    },
    {
      "threshold": 1,
      "text": "________________"
    },
    {
      "threshold": 0,
      "text": "WTF ELECTROWO"
    }
  ],
  "accuracyJudgments": [
    {
      "threshold": 15,
      "text": "+++++"
    },
    {
      "threshold": 1,
      "text": ""
    },
    {
      "threshold": 0,
      "text": "?"
    }
  ],
  "afterCutAngleJudgments": [
    {
      "threshold": 30,
      "text": ""
    },
    {
      "threshold": 0,
      "text": "-------"
    }
  ]
}