{
  "majorVersion": 3,
  "minorVersion": 3,
  "patchVersion": 3,
  "isDefaultConfig": false,
  "displayMode": "format",
  "doIntermediateUpdates": true,
  "timeDependencyDecimalPrecision": 0,
  "timeDependencyDecimalOffset": 2,
  "judgments": [
    {
      "threshold": 114,
      "text": "<size=160%><color=#FFFFFF>%c</color></size>%n%T%t</color>%n%B %C %A",
      "color": [
        1.0,
        1.0,
        1.0,
        1.0
      ],
      "fade": false
    },
    {
      "threshold": 110,
      "text": "<size=160%><color=#FF00FF>%c</color></size>%n%T%t</color>%n%B %C %A",
      "color": [
        1.0,
        1.0,
        1.0,
        1.0
      ],
      "fade": false
    },
    {
      "threshold": 108,
      "text": "<size=150%><color=#00FFFF>%c</color></size>%n%T%t</color>%n%B %C %A",
      "color": [
        1.0,
        1.0,
        1.0,
        1.0
      ],
      "fade": false
    },
    {
      "threshold": 105,
      "text": "<size=150%><color=#00FF00>%c</color></size>%n%T%t</color>%n%B %C %A",
      "color": [
        1.0,
        1.0,
        1.0,
        1.0
      ],
      "fade": false
    },
    {
      "threshold": 102,
      "text": "<size=150%><color=#00FF00>%c</color></size>%n%T%t</color>%n%B %C %A",
      "color": [
        1.0,
        1.0,
        1.0,
        1.0
      ],
      "fade": false
    },
    {
      "threshold": 100,
      "text": "<size=130%><color=#FF7F00>%c</color></size>%n%T%t</color>%n%B %C %A",
      "color": [
        1.0,
        1.0,
        1.0,
        1.0
      ],
      "fade": false
    },
    {
      "threshold": 0,
      "text": "<size=180%><color=#FF0000>%c</color></size>%n%T%t</color>%n%B %C %A",
      "color": [
        1.0,
        1.0,
        1.0,
        1.0
      ],
      "fade": false
    }
  ],
  "beforeCutAngleJudgments": [
    {
      "threshold": 68,
      "text": ""
    },
    {
      "threshold": 0,
      "text": "_______"
    }
  ],
  "accuracyJudgments": [
    {
      "threshold": 15,
      "text": "+++++"
    },
    {
      "threshold": 0,
      "text": ""
    }
  ],
  "afterCutAngleJudgments": [
    {
      "threshold": 30,
      "text": ""
    },
    {
      "threshold": 0,
      "text": "-----"
    }
  ],
  "timeDependencyJudgments": [
    {
      "threshold": 1.0,
      "text": "<color=#FF0000>"
    },
	{
      "threshold": 0.4,
      "text": "<color=#FF7F00>"
    },
    {
      "threshold": 0.3,
      "text": "<color=#00FF00>"
    },
    {
      "threshold": 0.2,
      "text": "<color=#00FFFF>"
    },
    {
      "threshold": 0.1,
      "text": "<color=#FF00FF>"
    },
    {
      "threshold": 0,
      "text": "<color=#FFFFFF>"
    }
  ]
}